{
	"IcoMoonType": "selection",
	"icons": [
		{
			"icon": {
				"paths": [
					"M741.714 755.429q0 22.857-16 38.857l-77.714 77.714q-16 16-38.857 16t-38.857-16l-168-168-168 168q-16 16-38.857 16t-38.857-16l-77.714-77.714q-16-16-16-38.857t16-38.857l168-168-168-168q-16-16-16-38.857t16-38.857l77.714-77.714q16-16 38.857-16t38.857 16l168 168 168-168q16-16 38.857-16t38.857 16l77.714 77.714q16 16 16 38.857t-16 38.857l-168 168 168 168q16 16 16 38.857z"
				],
				"width": 804.5720062255859,
				"attrs": [],
				"isMulticolor": false,
				"tags": [
					"close",
					"remove",
					"times"
				],
				"defaultCode": 61453,
				"grid": 14
			},
			"attrs": [],
			"properties": {
				"name": "close, remove, times",
				"id": 13,
				"order": 3,
				"prevSize": 28,
				"code": 61453
			},
			"setIdx": 0,
			"setId": 0,
			"iconIdx": 13
		},
		{
			"icon": {
				"paths": [
					"M669.143 172l-303.429 303.429 303.429 303.429q10.857 10.857 10.857 25.714t-10.857 25.714l-94.857 94.857q-10.857 10.857-25.714 10.857t-25.714-10.857l-424-424q-10.857-10.857-10.857-25.714t10.857-25.714l424-424q10.857-10.857 25.714-10.857t25.714 10.857l94.857 94.857q10.857 10.857 10.857 25.714t-10.857 25.714z"
				],
				"width": 768.0010223388672,
				"attrs": [],
				"isMulticolor": false,
				"tags": [
					"chevron-left"
				],
				"defaultCode": 61523,
				"grid": 14
			},
			"attrs": [],
			"properties": {
				"name": "chevron-left",
				"id": 78,
				"order": 1,
				"prevSize": 28,
				"code": 61523
			},
			"setIdx": 0,
			"setId": 0,
			"iconIdx": 78
		},
		{
			"icon": {
				"paths": [
					"M632.571 501.143l-424 424q-10.857 10.857-25.714 10.857t-25.714-10.857l-94.857-94.857q-10.857-10.857-10.857-25.714t10.857-25.714l303.429-303.429-303.429-303.429q-10.857-10.857-10.857-25.714t10.857-25.714l94.857-94.857q10.857-10.857 25.714-10.857t25.714 10.857l424 424q10.857 10.857 10.857 25.714t-10.857 25.714z"
				],
				"width": 694.8569641113281,
				"attrs": [],
				"isMulticolor": false,
				"tags": [
					"chevron-right"
				],
				"defaultCode": 61524,
				"grid": 14
			},
			"attrs": [],
			"properties": {
				"name": "chevron-right",
				"id": 79,
				"order": 2,
				"prevSize": 28,
				"code": 61524
			},
			"setIdx": 0,
			"setId": 0,
			"iconIdx": 79
		},
		{
			"icon": {
				"paths": [
					"M877.714 768v73.143q0 14.857-10.857 25.714t-25.714 10.857h-804.571q-14.857 0-25.714-10.857t-10.857-25.714v-73.143q0-14.857 10.857-25.714t25.714-10.857h804.571q14.857 0 25.714 10.857t10.857 25.714zM877.714 475.429v73.143q0 14.857-10.857 25.714t-25.714 10.857h-804.571q-14.857 0-25.714-10.857t-10.857-25.714v-73.143q0-14.857 10.857-25.714t25.714-10.857h804.571q14.857 0 25.714 10.857t10.857 25.714zM877.714 182.857v73.143q0 14.857-10.857 25.714t-25.714 10.857h-804.571q-14.857 0-25.714-10.857t-10.857-25.714v-73.143q0-14.857 10.857-25.714t25.714-10.857h804.571q14.857 0 25.714 10.857t10.857 25.714z"
				],
				"width": 877.7149925231934,
				"attrs": [],
				"isMulticolor": false,
				"tags": [
					"bars",
					"navicon",
					"reorder"
				],
				"defaultCode": 61641,
				"grid": 14
			},
			"attrs": [],
			"properties": {
				"name": "bars, navicon, reorder",
				"id": 177,
				"order": 8,
				"prevSize": 28,
				"code": 61641
			},
			"setIdx": 0,
			"setId": 0,
			"iconIdx": 177
		},
		{
			"icon": {
				"paths": [
					"M365.714 256v512q0 14.857-10.857 25.714t-25.714 10.857-25.714-10.857l-256-256q-10.857-10.857-10.857-25.714t10.857-25.714l256-256q10.857-10.857 25.714-10.857t25.714 10.857 10.857 25.714z"
				],
				"width": 402.28599548339844,
				"attrs": [],
				"isMulticolor": false,
				"tags": [
					"caret-left"
				],
				"defaultCode": 61657,
				"grid": 14
			},
			"attrs": [],
			"properties": {
				"name": "caret-left",
				"id": 192,
				"order": 4,
				"prevSize": 28,
				"code": 61657
			},
			"setIdx": 0,
			"setId": 0,
			"iconIdx": 192
		},
		{
			"icon": {
				"paths": [
					"M329.143 512q0 14.857-10.857 25.714l-256 256q-10.857 10.857-25.714 10.857t-25.714-10.857-10.857-25.714v-512q0-14.857 10.857-25.714t25.714-10.857 25.714 10.857l256 256q10.857 10.857 10.857 25.714z"
				],
				"width": 329.1440124511719,
				"attrs": [],
				"isMulticolor": false,
				"tags": [
					"caret-right"
				],
				"defaultCode": 61658,
				"grid": 14
			},
			"attrs": [],
			"properties": {
				"name": "caret-right",
				"id": 193,
				"order": 5,
				"prevSize": 28,
				"code": 61658
			},
			"setIdx": 0,
			"setId": 0,
			"iconIdx": 193
		},
		{
			"icon": {
				"paths": [
					"M358.286 310.857q0 7.429-5.714 13.143l-224.571 224.571 224.571 224.571q5.714 5.714 5.714 13.143t-5.714 13.143l-28.571 28.571q-5.714 5.714-13.143 5.714t-13.143-5.714l-266.286-266.286q-5.714-5.714-5.714-13.143t5.714-13.143l266.286-266.286q5.714-5.714 13.143-5.714t13.143 5.714l28.571 28.571q5.714 5.714 5.714 13.143z"
				],
				"width": 384.00101470947266,
				"attrs": [],
				"isMulticolor": false,
				"tags": [
					"angle-left"
				],
				"defaultCode": 61700,
				"grid": 14
			},
			"attrs": [],
			"properties": {
				"name": "angle-left",
				"id": 232,
				"order": 6,
				"prevSize": 28,
				"code": 61700
			},
			"setIdx": 0,
			"setId": 0,
			"iconIdx": 232
		},
		{
			"icon": {
				"paths": [
					"M340 548.571q0 7.429-5.714 13.143l-266.286 266.286q-5.714 5.714-13.143 5.714t-13.143-5.714l-28.571-28.571q-5.714-5.714-5.714-13.143t5.714-13.143l224.571-224.571-224.571-224.571q-5.714-5.714-5.714-13.143t5.714-13.143l28.571-28.571q5.714-5.714 13.143-5.714t13.143 5.714l266.286 266.286q5.714 5.714 5.714 13.143z"
				],
				"width": 347.4289951324463,
				"attrs": [],
				"isMulticolor": false,
				"tags": [
					"angle-right"
				],
				"defaultCode": 61701,
				"grid": 14
			},
			"attrs": [],
			"properties": {
				"name": "angle-right",
				"id": 233,
				"order": 7,
				"prevSize": 28,
				"code": 61701
			},
			"setIdx": 0,
			"setId": 0,
			"iconIdx": 233
		}
	],
	"height": 1024,
	"metadata": {
		"name": "chicshifter-icons"
	},
	"preferences": {
		"showGlyphs": true,
		"showCodes": true,
		"showQuickUse": true,
		"showQuickUse2": true,
		"showSVGs": true,
		"fontPref": {
			"prefix": "i-",
			"metadata": {
				"fontFamily": "chicshifter-icons",
				"majorVersion": 1,
				"minorVersion": 0
			},
			"metrics": {
				"emSize": 1024,
				"baseline": 6.25,
				"whitespace": 50
			},
			"embed": false,
			"showSelector": true,
			"selector": "class",
			"classSelector": ".icon",
			"showMetrics": false,
			"showMetadata": false,
			"showVersion": false
		},
		"imagePref": {
			"prefix": "icon-",
			"png": true,
			"useClassSelector": true,
			"color": 0,
			"bgColor": 16777215
		},
		"historySize": 100
	}
}